Patient_ID,Blood_Pressure,Cholesterol_Level,Body_Mass_Index
43,48,82,21
84,86,36,25
33,93,62,56
19,27,89,22
78,11,95,30
77,89,33,88
84,6,20,54
39,91,85,58
23,32,61,60
47,43,48,17
64,91,42,41
11,43,2,75
23,98,91,75
11,44,44,49
9,61,59,29
86,11,32,14
90,5,12,55
28,38,57,85
3,95,54,44
3,55,30,17
51,13,62,46
19,62,39,75
8,22,19,91
2,61,93,93
45,69,28,38
4,16,28,6
88,46,94,31
46,64,69,61
39,56,65,47
55,59,72,29
6,82,83,96
2,91,12,26
49,49,48,2
93,68,26,99
89,8,35,53
47,96,28,64
30,12,36,53
65,4,87,49
51,71,56,20
91,61,30,36
99,10,12,25
20,42,77,93
9,48,34,45
13,13,85,38
79,95,77,86
83,54,74,95
72,27,44,43
99,89,77,74
80,23,47,31
20,32,37,65
51,87,33,2
28,7,73,20
17,42,28,3
95,78,91,87
56,57,21,75
29,29,52,3
7,72,96,47
31,29,9,32
56,77,66,93
34,19,21,85
32,77,48,6
80,1,79,60
3,20,20,7
29,21,67,56
89,26,17,64
94,60,28,10
65,62,90,57
64,62,90,73
49,87,41,86
73,51,41,59
76,3,58,31
11,10,90,50
71,36,95,71
87,86,54,25
15,41,87,66
33,74,68,71
61,14,19,32
43,64,66,38
32,6,8,24
56,56,24,69
58,3,15,58
49,14,37,12
34,84,39,87
54,72,54,20
78,34,39,88
67,99,45,31
35,30,99,25
1,8,75,49
36,60,33,55
41,32,38,34
87,94,32,33
20,2,88,7
60,56,44,69
11,54,91,61
10,48,95,28
55,86,24,39
20,77,79,22
24,29,2,62
67,31,74,80
1,56,25,60
95,86,8,63
30,73,8,94
3,79,47,82
93,36,73,50
6,28,70,91
23,39,15,12
30,14,72,64
68,88,53,74
4,61,16,68
63,47,43,33
73,30,42,93
8,54,28,94
14,98,37,71
29,1,13,63
28,79,20,50
12,5,73,90
74,49,52,78
62,11,33,90
11,39,51,68
15,33,87,17
5,7,90,76
15,70,57,11
63,69,84,4
52,95,75,34
21,30,36,46
40,65,76,50
78,26,68,25
82,39,88,11
75,44,9,58
61,49,15,98
34,21,1,36
30,72,81,88
41,3,78,89
22,53,9,12
72,31,54,50
51,37,55,31
45,81,33,88
33,86,89,6
99,59,85,62
