Customer_ID,Response_Time,Issue_Resolution,Satisfaction_Level
72,91,38,90
39,81,20,85
35,61,87,13
78,60,57,76
81,44,18,21
97,44,50,21
29,49,90,88
24,25,11,32
51,1,11,38
40,71,29,32
82,19,9,33
76,21,17,8
29,41,29,93
32,92,29,82
94,77,35,18
27,25,88,64
6,10,94,40
71,33,50,52
57,50,5,88
84,89,87,22
99,61,42,12
34,38,2,62
41,80,15,71
97,73,76,11
75,65,62,49
88,3,88,58
92,13,14,62
44,34,31,61
25,57,11,76
3,42,62,7
49,94,49,12
25,73,20,45
42,75,37,82
46,12,80,8
49,3,11,96
7,96,73,8
16,48,87,51
56,46,19,41
38,53,97,60
64,22,39,85
12,41,72,73
98,55,75,46
35,55,45,65
44,44,11,50
92,6,68,23
66,67,36,88
49,22,36,15
95,21,53,87
58,65,35,25
70,98,37,92
22,38,31,57
6,43,58,44
86,74,89,79
34,58,15,21
59,1,29,20
44,75,69,35
41,60,75,21
6,88,97,15
6,42,14,45
22,28,55,56
30,1,63,68
57,69,12,35
