Employee_ID,Training_Satisfaction,Skill_Improvement,Career_Growth
18,29,88,47
55,46,79,37
42,80,31,48
18,49,26,18
30,81,27,50
59,1,82,89
67,78,97,23
54,37,90,74
65,50,51,62
56,55,14,2
82,52,72,50
4,38,23,11
68,43,2,53
27,3,32,97
62,61,85,30
22,72,72,7
45,99,82,31
4,78,91,31
1,31,46,71
66,77,2,43
78,41,69,68
7,42,67,58
73,51,1,42
12,29,24,27
56,93,63,10
22,34,12,70
55,26,91,89
6,96,17,64
46,92,74,32
84,4,83,26
6,11,60,22
51,44,17,98
36,48,32,90
14,64,58,18
7,81,75,14
81,64,57,59
72,56,86,8
84,29,95,4
31,2,55,89
57,8,94,45
59,26,33,60
37,38,14,8
55,12,41,41
2,49,17,56
93,51,76,23
61,89,20,31
92,56,94,46
60,93,53,40
37,60,90,33
67,14,41,19
9,52,57,6
38,19,51,74
75,50,71,89
13,52,13,65
54,85,81,26
54,75,82,31
4,51,35,75
33,78,50,63
20,11,19,31
45,65,17,76
36,50,36,77
21,71,27,33
